<?xml version="1.0" encoding="utf-8" standalone="no"?>
<mets ID="DSpace_ITEM_2429-2698" OBJID="hdl:2429/2698" TYPE="DSpace ITEM" PROFILE="http://www.dspace.org/schema/aip/mets_aip_1_0.xsd" xmlns="http://www.loc.gov/METS/" xmlns:xlink="http://www.w3.org/1999/xlink" xmlns:xsi="http://www.w3.org/2001/XMLSchema-instance" xsi:schemaLocation="http://www.loc.gov/METS/ http://www.loc.gov/standards/mets/mets.xsd">
 <metsHdr LASTMODDATE="2010-09-13T03:47:21">
  <agent ROLE="CUSTODIAN" TYPE="OTHER" OTHERTYPE="DSpace Archive">
   <name>2429/0</name>
  </agent>
  <agent ROLE="CREATOR" TYPE="OTHER" OTHERTYPE="DSpace Software">
   <name>DSpace 1.7.0</name>
  </agent>
 </metsHdr>
 <dmdSec ID="dmdSec_238">
  <mdWrap MDTYPE="MODS">
   <xmlData xmlns:mods="http://www.loc.gov/mods/v3" xmlns:xlink="http://www.w3.org/1999/xlink" xsi:schemaLocation="http://www.loc.gov/mods/v3 http://www.loc.gov/standards/mods/v3/mods-3-1.xsd"><mods:mods xmlns:mods="http://www.loc.gov/mods/v3" xmlns:xsi="http://www.w3.org/2001/XMLSchema-instance" xsi:schemaLocation="http://www.loc.gov/mods/v3 http://www.loc.gov/standards/mods/v3/mods-3-1.xsd">
  <mods:name>
    <mods:role>
      <mods:roleTerm type="text">author</mods:roleTerm>
    </mods:role>
    <mods:namePart>Vice President Research, Office of the</mods:namePart>
  </mods:name>
  <mods:extension>
    <mods:dateAccessioned encoding="iso8601">2008-10-20T18:54:43Z</mods:dateAccessioned>
  </mods:extension>
  <mods:extension>
    <mods:dateAvailable encoding="iso8601">2008-10-20T18:54:43Z</mods:dateAvailable>
  </mods:extension>
  <mods:originInfo>
    <mods:dateIssued encoding="iso8601">2006-05</mods:dateIssued>
  </mods:originInfo>
  <mods:identifier type="uri">http://hdl.handle.net/2429/2698</mods:identifier>
  <mods:abstract>A decline in the number of wars, genocides and human rights abuses over the past decade? The Human Security Report 2005 uncovers surprising trends in global conflict.</mods:abstract>
  <mods:note type="provenance">Submitted by Janis Lai (svpr@exchange.ubc.ca) on 2008-08-27T17:27:32Z
No. of bitstreams: 1
Freedom from Fear[1].pdf: 822806 bytes, checksum: 54827e8625fde2d6c1f1ef5bee55f19a (MD5)</mods:note>
  <mods:note type="provenance">Rejected by Andy Torr(andy.torr@ubc.ca), reason:  on 2008-10-20T17:40:34Z (GMT)</mods:note>
  <mods:note type="provenance">Submitted by Janis Lai (svpr@exchange.ubc.ca) on 2008-10-20T17:50:31Z
No. of bitstreams: 1
Freedom from Fear[1].pdf: 826890 bytes, checksum: d06c990f891dbc3598477d29e027b5c0 (MD5)</mods:note>
  <mods:note type="provenance">Approved for entry into archive by Andy Torr(andy.torr@ubc.ca) on 2008-10-20T18:54:43Z (GMT) No. of bitstreams: 1
Freedom from Fear[1].pdf: 826890 bytes, checksum: d06c990f891dbc3598477d29e027b5c0 (MD5)</mods:note>
  <mods:note type="provenance">Made available in DSpace on 2008-10-20T18:54:43Z (GMT). No. of bitstreams: 1
Freedom from Fear[1].pdf: 826890 bytes, checksum: d06c990f891dbc3598477d29e027b5c0 (MD5)
  Previous issue date: 2006-05</mods:note>
  <mods:physicalDescription>
    <mods:extent>826890 bytes</mods:extent>
  </mods:physicalDescription>
  <mods:physicalDescription>
    <mods:internetMediaType>application/pdf</mods:internetMediaType>
  </mods:physicalDescription>
  <mods:language>
    <mods:languageTerm authority="rfc3066">eng</mods:languageTerm>
  </mods:language>
  <mods:originInfo>
    <mods:publisher>Office of the Vice President Research, The University of British Columbia</mods:publisher>
  </mods:originInfo>
  <mods:relatedItem type="series">frontier: a journal of research and discovery, issue 1, May 2006</mods:relatedItem>
  <mods:subject>
    <mods:topic>Human Security Report</mods:topic>
  </mods:subject>
  <mods:subject>
    <mods:topic>Zoe Nielsen</mods:topic>
  </mods:subject>
  <mods:subject>
    <mods:topic>political violence</mods:topic>
  </mods:subject>
  <mods:subject>
    <mods:topic>Andrew Mack</mods:topic>
  </mods:subject>
  <mods:subject>
    <mods:topic>Human Security Centre</mods:topic>
  </mods:subject>
  <mods:subject>
    <mods:topic>terrorism</mods:topic>
  </mods:subject>
  <mods:titleInfo>
    <mods:title>Freedom from Fear</mods:title>
  </mods:titleInfo>
  <mods:genre>text</mods:genre>
</mods:mods></xmlData>
  </mdWrap>
 </dmdSec>
 <dmdSec ID="dmdSec_239">
  <mdWrap MDTYPE="OTHER" OTHERMDTYPE="DIM">
   <xmlData xmlns:dim="http://www.dspace.org/xmlns/dspace/dim"><dim:dim xmlns:dim="http://www.dspace.org/xmlns/dspace/dim" dspaceType="ITEM">
  <dim:field mdschema="dc" element="contributor" qualifier="author">Vice President Research, Office of the</dim:field>
  <dim:field mdschema="dc" element="date" qualifier="accessioned">2008-10-20T18:54:43Z</dim:field>
  <dim:field mdschema="dc" element="date" qualifier="available">2008-10-20T18:54:43Z</dim:field>
  <dim:field mdschema="dc" element="date" qualifier="issued">2006-05</dim:field>
  <dim:field mdschema="dc" element="identifier" qualifier="uri">http://hdl.handle.net/2429/2698</dim:field>
  <dim:field mdschema="dc" element="description" qualifier="abstract" lang="en">A decline in the number of wars, genocides and human rights abuses over the past decade? The Human Security Report 2005 uncovers surprising trends in global conflict.</dim:field>
  <dim:field mdschema="dc" element="description" qualifier="provenance" lang="en">Submitted by Janis Lai (svpr@exchange.ubc.ca) on 2008-08-27T17:27:32Z
No. of bitstreams: 1
Freedom from Fear[1].pdf: 822806 bytes, checksum: 54827e8625fde2d6c1f1ef5bee55f19a (MD5)</dim:field>
  <dim:field mdschema="dc" element="description" qualifier="provenance" lang="en">Rejected by Andy Torr(andy.torr@ubc.ca), reason:  on 2008-10-20T17:40:34Z (GMT)</dim:field>
  <dim:field mdschema="dc" element="description" qualifier="provenance" lang="en">Submitted by Janis Lai (svpr@exchange.ubc.ca) on 2008-10-20T17:50:31Z
No. of bitstreams: 1
Freedom from Fear[1].pdf: 826890 bytes, checksum: d06c990f891dbc3598477d29e027b5c0 (MD5)</dim:field>
  <dim:field mdschema="dc" element="description" qualifier="provenance" lang="en">Approved for entry into archive by Andy Torr(andy.torr@ubc.ca) on 2008-10-20T18:54:43Z (GMT) No. of bitstreams: 1
Freedom from Fear[1].pdf: 826890 bytes, checksum: d06c990f891dbc3598477d29e027b5c0 (MD5)</dim:field>
  <dim:field mdschema="dc" element="description" qualifier="provenance" lang="en">Made available in DSpace on 2008-10-20T18:54:43Z (GMT). No. of bitstreams: 1
Freedom from Fear[1].pdf: 826890 bytes, checksum: d06c990f891dbc3598477d29e027b5c0 (MD5)
  Previous issue date: 2006-05</dim:field>
  <dim:field mdschema="dc" element="format" qualifier="extent">826890 bytes</dim:field>
  <dim:field mdschema="dc" element="format" qualifier="mimetype">application/pdf</dim:field>
  <dim:field mdschema="dc" element="language" qualifier="iso" lang="en">eng</dim:field>
  <dim:field mdschema="dc" element="publisher" lang="en">Office of the Vice President Research, The University of British Columbia</dim:field>
  <dim:field mdschema="dc" element="relation" qualifier="ispartofseries" lang="en">frontier: a journal of research and discovery, issue 1, May 2006</dim:field>
  <dim:field mdschema="dc" element="subject" lang="en">Human Security Report</dim:field>
  <dim:field mdschema="dc" element="subject" lang="en">Zoe Nielsen</dim:field>
  <dim:field mdschema="dc" element="subject" lang="en">political violence</dim:field>
  <dim:field mdschema="dc" element="subject" lang="en">Andrew Mack</dim:field>
  <dim:field mdschema="dc" element="subject" lang="en">Human Security Centre</dim:field>
  <dim:field mdschema="dc" element="subject" lang="en">terrorism</dim:field>
  <dim:field mdschema="dc" element="title" lang="en">Freedom from Fear</dim:field>
  <dim:field mdschema="dc" element="type" lang="en">text</dim:field>
  <dim:field mdschema="dc" element="type" qualifier="text" lang="en">article</dim:field>
  <dim:field mdschema="dc" element="description" qualifier="affiliation" lang="en">VP Research</dim:field>
  <dim:field mdschema="dc" element="description" qualifier="reviewstatus" lang="en" />
</dim:dim></xmlData>
  </mdWrap>
 </dmdSec>
 <amdSec ID="amd_240">
  <rightsMD ID="rightsMD_243">
   <mdRef LOCTYPE="URL" xlink:type="simple" xlink:href="bitstream_8263" MDTYPE="OTHER" OTHERMDTYPE="DSpaceDepositLicense" MIMETYPE="text/plain"/>
  </rightsMD>
  <rightsMD ID="rightsMD_246">
   <mdWrap MDTYPE="OTHER" OTHERMDTYPE="METSRIGHTS">
    <xmlData xmlns:rights="http://cosimo.stanford.edu/sdr/metsrights/" xsi:schemaLocation="http://cosimo.stanford.edu/sdr/metsrights/ http://cosimo.stanford.edu/sdr/metsrights.xsd"><rights:RightsDeclarationMD xmlns:rights="http://cosimo.stanford.edu/sdr/metsrights/" RIGHTSCATEGORY="LICENSED">
  <rights:Context CONTEXTCLASS="GENERAL PUBLIC">
    <rights:Permissions DISCOVER="true" DISPLAY="true" MODIFY="false" DELETE="false" />
  </rights:Context>
</rights:RightsDeclarationMD></xmlData>
   </mdWrap>
  </rightsMD>
  <sourceMD ID="sourceMD_247">
   <mdWrap MDTYPE="OTHER" OTHERMDTYPE="AIP-TECHMD">
    <xmlData xmlns:dim="http://www.dspace.org/xmlns/dspace/dim"><dim:dim xmlns:dim="http://www.dspace.org/xmlns/dspace/dim" dspaceType="ITEM">
  <dim:field mdschema="dc" element="creator">svpr@exchange.ubc.ca</dim:field>
  <dim:field mdschema="dc" element="identifier" qualifier="uri">hdl:2429/2698</dim:field>
  <dim:field mdschema="dc" element="relation" qualifier="isPartOf">hdl:2429/1314</dim:field>
</dim:dim></xmlData>
   </mdWrap>
  </sourceMD>
 </amdSec>
 <amdSec ID="amd_250">
  <rightsMD ID="rightsMD_256">
   <mdWrap MDTYPE="OTHER" OTHERMDTYPE="METSRIGHTS">
    <xmlData xmlns:rights="http://cosimo.stanford.edu/sdr/metsrights/" xsi:schemaLocation="http://cosimo.stanford.edu/sdr/metsrights/ http://cosimo.stanford.edu/sdr/metsrights.xsd"><rights:RightsDeclarationMD xmlns:rights="http://cosimo.stanford.edu/sdr/metsrights/" RIGHTSCATEGORY="LICENSED">
  <rights:Context CONTEXTCLASS="GENERAL PUBLIC">
    <rights:Permissions DISCOVER="true" DISPLAY="true" MODIFY="false" DELETE="false" />
  </rights:Context>
</rights:RightsDeclarationMD></xmlData>
   </mdWrap>
  </rightsMD>
 </amdSec>
 <amdSec ID="amd_259">
  <techMD ID="techMD_260">
   <mdWrap MDTYPE="PREMIS">
    <xmlData xmlns:premis="http://www.loc.gov/standards/premis" xsi:schemaLocation="http://www.loc.gov/standards/premis http://www.loc.gov/standards/premis/PREMIS-v1-0.xsd"><premis:premis xmlns:premis="http://www.loc.gov/standards/premis">
  <premis:object>
    <premis:objectIdentifier>
      <premis:objectIdentifierType>URL</premis:objectIdentifierType>
      <premis:objectIdentifierValue>https://circle-test.library.ubc.ca/bitstream/2429%2F2698/1/Freedom+from+Fear%5B1%5D.pdf</premis:objectIdentifierValue>
    </premis:objectIdentifier>
    <premis:objectCategory>File</premis:objectCategory>
    <premis:objectCharacteristics>
      <premis:fixity>
        <premis:messageDigestAlgorithm>MD5</premis:messageDigestAlgorithm>
        <premis:messageDigest>d06c990f891dbc3598477d29e027b5c0</premis:messageDigest>
      </premis:fixity>
      <premis:size>826890</premis:size>
      <premis:format>
        <premis:formatDesignation>
          <premis:formatName>application/pdf</premis:formatName>
        </premis:formatDesignation>
      </premis:format>
    </premis:objectCharacteristics>
    <premis:originalName>Freedom from Fear[1].pdf</premis:originalName>
  </premis:object>
</premis:premis></xmlData>
   </mdWrap>
  </techMD>
  <rightsMD ID="rightsMD_265">
   <mdWrap MDTYPE="OTHER" OTHERMDTYPE="METSRIGHTS">
    <xmlData xmlns:rights="http://cosimo.stanford.edu/sdr/metsrights/" xsi:schemaLocation="http://cosimo.stanford.edu/sdr/metsrights/ http://cosimo.stanford.edu/sdr/metsrights.xsd"><rights:RightsDeclarationMD xmlns:rights="http://cosimo.stanford.edu/sdr/metsrights/" RIGHTSCATEGORY="LICENSED">
  <rights:Context CONTEXTCLASS="GENERAL PUBLIC">
    <rights:Permissions DISCOVER="true" DISPLAY="true" MODIFY="false" DELETE="false" />
  </rights:Context>
</rights:RightsDeclarationMD></xmlData>
   </mdWrap>
  </rightsMD>
  <sourceMD ID="sourceMD_266">
   <mdWrap MDTYPE="OTHER" OTHERMDTYPE="AIP-TECHMD">
    <xmlData xmlns:dim="http://www.dspace.org/xmlns/dspace/dim"><dim:dim xmlns:dim="http://www.dspace.org/xmlns/dspace/dim" dspaceType="BITSTREAM">
  <dim:field mdschema="dc" element="title">Freedom from Fear[1].pdf</dim:field>
  <dim:field mdschema="dc" element="title" qualifier="alternative">Freedom from Fear[1].pdf</dim:field>
  <dim:field mdschema="dc" element="format" qualifier="medium">Adobe PDF</dim:field>
  <dim:field mdschema="dc" element="format" qualifier="mimetype">application/pdf</dim:field>
  <dim:field mdschema="dc" element="format" qualifier="supportlevel">KNOWN</dim:field>
  <dim:field mdschema="dc" element="format" qualifier="internal">false</dim:field>
</dim:dim></xmlData>
   </mdWrap>
  </sourceMD>
 </amdSec>
 <amdSec ID="amd_267">
  <rightsMD ID="rightsMD_273">
   <mdWrap MDTYPE="OTHER" OTHERMDTYPE="METSRIGHTS">
    <xmlData xmlns:rights="http://cosimo.stanford.edu/sdr/metsrights/" xsi:schemaLocation="http://cosimo.stanford.edu/sdr/metsrights/ http://cosimo.stanford.edu/sdr/metsrights.xsd"><rights:RightsDeclarationMD xmlns:rights="http://cosimo.stanford.edu/sdr/metsrights/" RIGHTSCATEGORY="LICENSED">
  <rights:Context CONTEXTCLASS="GENERAL PUBLIC">
    <rights:Permissions DISCOVER="true" DISPLAY="true" MODIFY="false" DELETE="false" />
  </rights:Context>
</rights:RightsDeclarationMD></xmlData>
   </mdWrap>
  </rightsMD>
 </amdSec>
 <amdSec ID="amd_275">
  <techMD ID="techMD_276">
   <mdWrap MDTYPE="PREMIS">
    <xmlData xmlns:premis="http://www.loc.gov/standards/premis" xsi:schemaLocation="http://www.loc.gov/standards/premis http://www.loc.gov/standards/premis/PREMIS-v1-0.xsd"><premis:premis xmlns:premis="http://www.loc.gov/standards/premis">
  <premis:object>
    <premis:objectIdentifier>
      <premis:objectIdentifierType>URL</premis:objectIdentifierType>
      <premis:objectIdentifierValue>https://circle-test.library.ubc.ca/bitstream/2429%2F2698/2/license.txt</premis:objectIdentifierValue>
    </premis:objectIdentifier>
    <premis:objectCategory>File</premis:objectCategory>
    <premis:objectCharacteristics>
      <premis:fixity>
        <premis:messageDigestAlgorithm>MD5</premis:messageDigestAlgorithm>
        <premis:messageDigest>0c2e7e69c91f14a53a57c5e481be4f18</premis:messageDigest>
      </premis:fixity>
      <premis:size>3975</premis:size>
      <premis:format>
        <premis:formatDesignation>
          <premis:formatName>text/html</premis:formatName>
        </premis:formatDesignation>
      </premis:format>
    </premis:objectCharacteristics>
    <premis:originalName>license.txt</premis:originalName>
  </premis:object>
</premis:premis></xmlData>
   </mdWrap>
  </techMD>
  <rightsMD ID="rightsMD_281">
   <mdWrap MDTYPE="OTHER" OTHERMDTYPE="METSRIGHTS">
    <xmlData xmlns:rights="http://cosimo.stanford.edu/sdr/metsrights/" xsi:schemaLocation="http://cosimo.stanford.edu/sdr/metsrights/ http://cosimo.stanford.edu/sdr/metsrights.xsd"><rights:RightsDeclarationMD xmlns:rights="http://cosimo.stanford.edu/sdr/metsrights/" RIGHTSCATEGORY="LICENSED">
  <rights:Context CONTEXTCLASS="GENERAL PUBLIC">
    <rights:Permissions DISCOVER="true" DISPLAY="true" MODIFY="false" DELETE="false" />
  </rights:Context>
</rights:RightsDeclarationMD></xmlData>
   </mdWrap>
  </rightsMD>
  <sourceMD ID="sourceMD_282">
   <mdWrap MDTYPE="OTHER" OTHERMDTYPE="AIP-TECHMD">
    <xmlData xmlns:dim="http://www.dspace.org/xmlns/dspace/dim"><dim:dim xmlns:dim="http://www.dspace.org/xmlns/dspace/dim" dspaceType="BITSTREAM">
  <dim:field mdschema="dc" element="title">license.txt</dim:field>
  <dim:field mdschema="dc" element="title" qualifier="alternative">Written by org.dspace.content.Item</dim:field>
  <dim:field mdschema="dc" element="format" qualifier="medium">License</dim:field>
  <dim:field mdschema="dc" element="format" qualifier="mimetype">text/html</dim:field>
  <dim:field mdschema="dc" element="format" qualifier="supportlevel">KNOWN</dim:field>
  <dim:field mdschema="dc" element="format" qualifier="internal">true</dim:field>
</dim:dim></xmlData>
   </mdWrap>
  </sourceMD>
 </amdSec>
 <amdSec ID="amd_283">
  <rightsMD ID="rightsMD_289">
   <mdWrap MDTYPE="OTHER" OTHERMDTYPE="METSRIGHTS">
    <xmlData xmlns:rights="http://cosimo.stanford.edu/sdr/metsrights/" xsi:schemaLocation="http://cosimo.stanford.edu/sdr/metsrights/ http://cosimo.stanford.edu/sdr/metsrights.xsd"><rights:RightsDeclarationMD xmlns:rights="http://cosimo.stanford.edu/sdr/metsrights/" RIGHTSCATEGORY="LICENSED">
  <rights:Context CONTEXTCLASS="GENERAL PUBLIC">
    <rights:Permissions DISCOVER="true" DISPLAY="true" MODIFY="false" DELETE="false" />
  </rights:Context>
</rights:RightsDeclarationMD></xmlData>
   </mdWrap>
  </rightsMD>
 </amdSec>
 <amdSec ID="amd_291">
  <techMD ID="techMD_292">
   <mdWrap MDTYPE="PREMIS">
    <xmlData xmlns:premis="http://www.loc.gov/standards/premis" xsi:schemaLocation="http://www.loc.gov/standards/premis http://www.loc.gov/standards/premis/PREMIS-v1-0.xsd"><premis:premis xmlns:premis="http://www.loc.gov/standards/premis">
  <premis:object>
    <premis:objectIdentifier>
      <premis:objectIdentifierType>URL</premis:objectIdentifierType>
      <premis:objectIdentifierValue>https://circle-test.library.ubc.ca/bitstream/2429%2F2698/3/Freedom+from+Fear%5B1%5D.pdf.txt</premis:objectIdentifierValue>
    </premis:objectIdentifier>
    <premis:objectCategory>File</premis:objectCategory>
    <premis:objectCharacteristics>
      <premis:fixity>
        <premis:messageDigestAlgorithm>MD5</premis:messageDigestAlgorithm>
        <premis:messageDigest>a4d6122741b2aa2b4f25b8eca0ae368b</premis:messageDigest>
      </premis:fixity>
      <premis:size>8005</premis:size>
      <premis:format>
        <premis:formatDesignation>
          <premis:formatName>text/plain</premis:formatName>
        </premis:formatDesignation>
      </premis:format>
    </premis:objectCharacteristics>
    <premis:originalName>Freedom from Fear[1].pdf.txt</premis:originalName>
  </premis:object>
</premis:premis></xmlData>
   </mdWrap>
  </techMD>
  <rightsMD ID="rightsMD_297">
   <mdWrap MDTYPE="OTHER" OTHERMDTYPE="METSRIGHTS">
    <xmlData xmlns:rights="http://cosimo.stanford.edu/sdr/metsrights/" xsi:schemaLocation="http://cosimo.stanford.edu/sdr/metsrights/ http://cosimo.stanford.edu/sdr/metsrights.xsd"><rights:RightsDeclarationMD xmlns:rights="http://cosimo.stanford.edu/sdr/metsrights/" RIGHTSCATEGORY="LICENSED">
  <rights:Context CONTEXTCLASS="MANAGED GRP">
    <rights:UserName USERTYPE="GROUP">COLLECTION_hdl:2429/1314_ADMIN</rights:UserName>
    <rights:Permissions DISCOVER="true" DISPLAY="true" MODIFY="false" DELETE="false" />
  </rights:Context>
</rights:RightsDeclarationMD></xmlData>
   </mdWrap>
  </rightsMD>
  <sourceMD ID="sourceMD_298">
   <mdWrap MDTYPE="OTHER" OTHERMDTYPE="AIP-TECHMD">
    <xmlData xmlns:dim="http://www.dspace.org/xmlns/dspace/dim"><dim:dim xmlns:dim="http://www.dspace.org/xmlns/dspace/dim" dspaceType="BITSTREAM">
  <dim:field mdschema="dc" element="title">Freedom from Fear[1].pdf.txt</dim:field>
  <dim:field mdschema="dc" element="title" qualifier="alternative">Written by FormatFilter org.dspace.app.mediafilter.PDFFilter on 2009-12-04T15:41:55Z (GMT).</dim:field>
  <dim:field mdschema="dc" element="description">Extracted text</dim:field>
  <dim:field mdschema="dc" element="format" qualifier="medium">Text</dim:field>
  <dim:field mdschema="dc" element="format" qualifier="mimetype">text/plain</dim:field>
  <dim:field mdschema="dc" element="format" qualifier="supportlevel">KNOWN</dim:field>
  <dim:field mdschema="dc" element="format" qualifier="internal">false</dim:field>
</dim:dim></xmlData>
   </mdWrap>
  </sourceMD>
 </amdSec>
 <fileSec>
  <fileGrp ADMID="amd_250" USE="ORIGINAL">
   <file ID="bitstream_1" MIMETYPE="application/pdf" SEQ="1" SIZE="826890" CHECKSUM="d06c990f891dbc3598477d29e027b5c0" CHECKSUMTYPE="MD5" ADMID="amd_259" GROUPID="GROUP_bitstream_1">
    <FLocat LOCTYPE="URL" xlink:type="simple" xlink:href="bitstream_8262.pdf"/>
   </file>
  </fileGrp>
  <fileGrp ADMID="amd_267" USE="LICENSE">
   <file ID="bitstream_2" MIMETYPE="text/html" SEQ="2" SIZE="3975" CHECKSUM="0c2e7e69c91f14a53a57c5e481be4f18" CHECKSUMTYPE="MD5" ADMID="amd_275" GROUPID="GROUP_bitstream_2">
    <FLocat LOCTYPE="URL" xlink:type="simple" xlink:href="bitstream_8263"/>
   </file>
  </fileGrp>
  <fileGrp ADMID="amd_283" USE="TEXT">
   <file ID="bitstream_3" MIMETYPE="text/plain" SEQ="3" SIZE="8005" CHECKSUM="a4d6122741b2aa2b4f25b8eca0ae368b" CHECKSUMTYPE="MD5" ADMID="amd_291" GROUPID="GROUP_bitstream_1">
    <FLocat LOCTYPE="URL" xlink:type="simple" xlink:href="bitstream_42698.txt"/>
   </file>
  </fileGrp>
 </fileSec>
 <structMap ID="struct_248" LABEL="DSpace Object" TYPE="LOGICAL">
  <div ID="div_249" DMDID="dmdSec_238 dmdSec_239" ADMID="amd_240" TYPE="DSpace Object Contents">
   <div ID="div_258" TYPE="DSpace BITSTREAM">
    <fptr FILEID="bitstream_1"/>
   </div>
  </div>
 </structMap>
 <structMap ID="struct_299" LABEL="Parent" TYPE="LOGICAL">
  <div ID="div_300" LABEL="Parent of this DSpace Object" TYPE="AIP Parent Link">
   <mptr ID="mptr_301" LOCTYPE="HANDLE" xlink:type="simple" xlink:href="2429/1314"/>
  </div>
 </structMap>
</mets>
