<?xml version="1.0" encoding="utf-8" standalone="no"?>
<mets ID="DSpace_ITEM_2429-2696" OBJID="hdl:2429/2696" TYPE="DSpace ITEM" PROFILE="http://www.dspace.org/schema/aip/mets_aip_1_0.xsd" xmlns="http://www.loc.gov/METS/" xmlns:xlink="http://www.w3.org/1999/xlink" xmlns:xsi="http://www.w3.org/2001/XMLSchema-instance" xsi:schemaLocation="http://www.loc.gov/METS/ http://www.loc.gov/standards/mets/mets.xsd">
 <metsHdr LASTMODDATE="2010-09-13T03:47:18">
  <agent ROLE="CUSTODIAN" TYPE="OTHER" OTHERTYPE="DSpace Archive">
   <name>2429/0</name>
  </agent>
  <agent ROLE="CREATOR" TYPE="OTHER" OTHERTYPE="DSpace Software">
   <name>DSpace 1.7.0</name>
  </agent>
 </metsHdr>
 <dmdSec ID="dmdSec_110">
  <mdWrap MDTYPE="MODS">
   <xmlData xmlns:mods="http://www.loc.gov/mods/v3" xmlns:xlink="http://www.w3.org/1999/xlink" xsi:schemaLocation="http://www.loc.gov/mods/v3 http://www.loc.gov/standards/mods/v3/mods-3-1.xsd"><mods:mods xmlns:mods="http://www.loc.gov/mods/v3" xmlns:xsi="http://www.w3.org/2001/XMLSchema-instance" xsi:schemaLocation="http://www.loc.gov/mods/v3 http://www.loc.gov/standards/mods/v3/mods-3-1.xsd">
  <mods:name>
    <mods:role>
      <mods:roleTerm type="text">author</mods:roleTerm>
    </mods:role>
    <mods:namePart>Vice President Research, Office of the</mods:namePart>
  </mods:name>
  <mods:extension>
    <mods:dateAccessioned encoding="iso8601">2008-10-20T18:51:51Z</mods:dateAccessioned>
  </mods:extension>
  <mods:extension>
    <mods:dateAvailable encoding="iso8601">2008-10-20T18:51:51Z</mods:dateAvailable>
  </mods:extension>
  <mods:originInfo>
    <mods:dateIssued encoding="iso8601">2006-05</mods:dateIssued>
  </mods:originInfo>
  <mods:identifier type="uri">http://hdl.handle.net/2429/2696</mods:identifier>
  <mods:abstract>By studying volcanoes on Venus, Mark Jellinek is advancing the science of predicting volcanic activity on earth.</mods:abstract>
  <mods:note type="provenance">Submitted by Janis Lai (svpr@exchange.ubc.ca) on 2008-08-27T17:12:25Z
No. of bitstreams: 1
V is for Volcanology[1].pdf: 355315 bytes, checksum: e1980f6a3341e882a12d069d86645e50 (MD5)</mods:note>
  <mods:note type="provenance">Rejected by Andy Torr(andy.torr@ubc.ca), reason:  on 2008-10-20T17:40:10Z (GMT)</mods:note>
  <mods:note type="provenance">Submitted by Janis Lai (svpr@exchange.ubc.ca) on 2008-10-20T17:49:07Z
No. of bitstreams: 1
V is for Volcanology[1].pdf: 359396 bytes, checksum: 9b5d0d3fcc6edfd671b1c2e63f358ebe (MD5)</mods:note>
  <mods:note type="provenance">Approved for entry into archive by Andy Torr(andy.torr@ubc.ca) on 2008-10-20T18:51:50Z (GMT) No. of bitstreams: 1
V is for Volcanology[1].pdf: 359396 bytes, checksum: 9b5d0d3fcc6edfd671b1c2e63f358ebe (MD5)</mods:note>
  <mods:note type="provenance">Made available in DSpace on 2008-10-20T18:51:51Z (GMT). No. of bitstreams: 1
V is for Volcanology[1].pdf: 359396 bytes, checksum: 9b5d0d3fcc6edfd671b1c2e63f358ebe (MD5)
  Previous issue date: 2006-05</mods:note>
  <mods:physicalDescription>
    <mods:extent>359396 bytes</mods:extent>
  </mods:physicalDescription>
  <mods:physicalDescription>
    <mods:internetMediaType>application/pdf</mods:internetMediaType>
  </mods:physicalDescription>
  <mods:language>
    <mods:languageTerm authority="rfc3066">eng</mods:languageTerm>
  </mods:language>
  <mods:originInfo>
    <mods:publisher>Office of the Vice President Research, The University of British Columbia</mods:publisher>
  </mods:originInfo>
  <mods:relatedItem type="series">frontier: a journal of research and discovery, issue 1, May 2006</mods:relatedItem>
  <mods:subject>
    <mods:topic>Mark Jellinek</mods:topic>
  </mods:subject>
  <mods:subject>
    <mods:topic>topography</mods:topic>
  </mods:subject>
  <mods:subject>
    <mods:topic>plate tectonics</mods:topic>
  </mods:subject>
  <mods:subject>
    <mods:topic>volcanoes</mods:topic>
  </mods:subject>
  <mods:subject>
    <mods:topic>comparative planetology</mods:topic>
  </mods:subject>
  <mods:titleInfo>
    <mods:title>V is for Volcanology</mods:title>
  </mods:titleInfo>
  <mods:genre>text</mods:genre>
</mods:mods></xmlData>
  </mdWrap>
 </dmdSec>
 <dmdSec ID="dmdSec_111">
  <mdWrap MDTYPE="OTHER" OTHERMDTYPE="DIM">
   <xmlData xmlns:dim="http://www.dspace.org/xmlns/dspace/dim"><dim:dim xmlns:dim="http://www.dspace.org/xmlns/dspace/dim" dspaceType="ITEM">
  <dim:field mdschema="dc" element="contributor" qualifier="author">Vice President Research, Office of the</dim:field>
  <dim:field mdschema="dc" element="date" qualifier="accessioned">2008-10-20T18:51:51Z</dim:field>
  <dim:field mdschema="dc" element="date" qualifier="available">2008-10-20T18:51:51Z</dim:field>
  <dim:field mdschema="dc" element="date" qualifier="issued">2006-05</dim:field>
  <dim:field mdschema="dc" element="identifier" qualifier="uri">http://hdl.handle.net/2429/2696</dim:field>
  <dim:field mdschema="dc" element="description" qualifier="abstract" lang="en">By studying volcanoes on Venus, Mark Jellinek is advancing the science of predicting volcanic activity on earth.</dim:field>
  <dim:field mdschema="dc" element="description" qualifier="provenance" lang="en">Submitted by Janis Lai (svpr@exchange.ubc.ca) on 2008-08-27T17:12:25Z
No. of bitstreams: 1
V is for Volcanology[1].pdf: 355315 bytes, checksum: e1980f6a3341e882a12d069d86645e50 (MD5)</dim:field>
  <dim:field mdschema="dc" element="description" qualifier="provenance" lang="en">Rejected by Andy Torr(andy.torr@ubc.ca), reason:  on 2008-10-20T17:40:10Z (GMT)</dim:field>
  <dim:field mdschema="dc" element="description" qualifier="provenance" lang="en">Submitted by Janis Lai (svpr@exchange.ubc.ca) on 2008-10-20T17:49:07Z
No. of bitstreams: 1
V is for Volcanology[1].pdf: 359396 bytes, checksum: 9b5d0d3fcc6edfd671b1c2e63f358ebe (MD5)</dim:field>
  <dim:field mdschema="dc" element="description" qualifier="provenance" lang="en">Approved for entry into archive by Andy Torr(andy.torr@ubc.ca) on 2008-10-20T18:51:50Z (GMT) No. of bitstreams: 1
V is for Volcanology[1].pdf: 359396 bytes, checksum: 9b5d0d3fcc6edfd671b1c2e63f358ebe (MD5)</dim:field>
  <dim:field mdschema="dc" element="description" qualifier="provenance" lang="en">Made available in DSpace on 2008-10-20T18:51:51Z (GMT). No. of bitstreams: 1
V is for Volcanology[1].pdf: 359396 bytes, checksum: 9b5d0d3fcc6edfd671b1c2e63f358ebe (MD5)
  Previous issue date: 2006-05</dim:field>
  <dim:field mdschema="dc" element="format" qualifier="extent">359396 bytes</dim:field>
  <dim:field mdschema="dc" element="format" qualifier="mimetype">application/pdf</dim:field>
  <dim:field mdschema="dc" element="language" qualifier="iso" lang="en">eng</dim:field>
  <dim:field mdschema="dc" element="publisher" lang="en">Office of the Vice President Research, The University of British Columbia</dim:field>
  <dim:field mdschema="dc" element="relation" qualifier="ispartofseries" lang="en">frontier: a journal of research and discovery, issue 1, May 2006</dim:field>
  <dim:field mdschema="dc" element="subject" lang="en">Mark Jellinek</dim:field>
  <dim:field mdschema="dc" element="subject" lang="en">topography</dim:field>
  <dim:field mdschema="dc" element="subject" lang="en">plate tectonics</dim:field>
  <dim:field mdschema="dc" element="subject" lang="en">volcanoes</dim:field>
  <dim:field mdschema="dc" element="subject" lang="en">comparative planetology</dim:field>
  <dim:field mdschema="dc" element="title" lang="en">V is for Volcanology</dim:field>
  <dim:field mdschema="dc" element="type" lang="en">text</dim:field>
  <dim:field mdschema="dc" element="type" qualifier="text" lang="en">article</dim:field>
  <dim:field mdschema="dc" element="description" qualifier="affiliation" lang="en">VP Research</dim:field>
  <dim:field mdschema="dc" element="description" qualifier="reviewstatus" lang="en" />
</dim:dim></xmlData>
  </mdWrap>
 </dmdSec>
 <amdSec ID="amd_112">
  <rightsMD ID="rightsMD_115">
   <mdRef LOCTYPE="URL" xlink:type="simple" xlink:href="bitstream_8257" MDTYPE="OTHER" OTHERMDTYPE="DSpaceDepositLicense" MIMETYPE="text/plain"/>
  </rightsMD>
  <rightsMD ID="rightsMD_118">
   <mdWrap MDTYPE="OTHER" OTHERMDTYPE="METSRIGHTS">
    <xmlData xmlns:rights="http://cosimo.stanford.edu/sdr/metsrights/" xsi:schemaLocation="http://cosimo.stanford.edu/sdr/metsrights/ http://cosimo.stanford.edu/sdr/metsrights.xsd"><rights:RightsDeclarationMD xmlns:rights="http://cosimo.stanford.edu/sdr/metsrights/" RIGHTSCATEGORY="LICENSED">
  <rights:Context CONTEXTCLASS="GENERAL PUBLIC">
    <rights:Permissions DISCOVER="true" DISPLAY="true" MODIFY="false" DELETE="false" />
  </rights:Context>
</rights:RightsDeclarationMD></xmlData>
   </mdWrap>
  </rightsMD>
  <sourceMD ID="sourceMD_119">
   <mdWrap MDTYPE="OTHER" OTHERMDTYPE="AIP-TECHMD">
    <xmlData xmlns:dim="http://www.dspace.org/xmlns/dspace/dim"><dim:dim xmlns:dim="http://www.dspace.org/xmlns/dspace/dim" dspaceType="ITEM">
  <dim:field mdschema="dc" element="creator">svpr@exchange.ubc.ca</dim:field>
  <dim:field mdschema="dc" element="identifier" qualifier="uri">hdl:2429/2696</dim:field>
  <dim:field mdschema="dc" element="relation" qualifier="isPartOf">hdl:2429/1314</dim:field>
</dim:dim></xmlData>
   </mdWrap>
  </sourceMD>
 </amdSec>
 <amdSec ID="amd_122">
  <rightsMD ID="rightsMD_128">
   <mdWrap MDTYPE="OTHER" OTHERMDTYPE="METSRIGHTS">
    <xmlData xmlns:rights="http://cosimo.stanford.edu/sdr/metsrights/" xsi:schemaLocation="http://cosimo.stanford.edu/sdr/metsrights/ http://cosimo.stanford.edu/sdr/metsrights.xsd"><rights:RightsDeclarationMD xmlns:rights="http://cosimo.stanford.edu/sdr/metsrights/" RIGHTSCATEGORY="LICENSED">
  <rights:Context CONTEXTCLASS="GENERAL PUBLIC">
    <rights:Permissions DISCOVER="true" DISPLAY="true" MODIFY="false" DELETE="false" />
  </rights:Context>
</rights:RightsDeclarationMD></xmlData>
   </mdWrap>
  </rightsMD>
 </amdSec>
 <amdSec ID="amd_131">
  <techMD ID="techMD_132">
   <mdWrap MDTYPE="PREMIS">
    <xmlData xmlns:premis="http://www.loc.gov/standards/premis" xsi:schemaLocation="http://www.loc.gov/standards/premis http://www.loc.gov/standards/premis/PREMIS-v1-0.xsd"><premis:premis xmlns:premis="http://www.loc.gov/standards/premis">
  <premis:object>
    <premis:objectIdentifier>
      <premis:objectIdentifierType>URL</premis:objectIdentifierType>
      <premis:objectIdentifierValue>https://circle-test.library.ubc.ca/bitstream/2429%2F2696/1/V+is+for+Volcanology%5B1%5D.pdf</premis:objectIdentifierValue>
    </premis:objectIdentifier>
    <premis:objectCategory>File</premis:objectCategory>
    <premis:objectCharacteristics>
      <premis:fixity>
        <premis:messageDigestAlgorithm>MD5</premis:messageDigestAlgorithm>
        <premis:messageDigest>9b5d0d3fcc6edfd671b1c2e63f358ebe</premis:messageDigest>
      </premis:fixity>
      <premis:size>359396</premis:size>
      <premis:format>
        <premis:formatDesignation>
          <premis:formatName>application/pdf</premis:formatName>
        </premis:formatDesignation>
      </premis:format>
    </premis:objectCharacteristics>
    <premis:originalName>V is for Volcanology[1].pdf</premis:originalName>
  </premis:object>
</premis:premis></xmlData>
   </mdWrap>
  </techMD>
  <rightsMD ID="rightsMD_137">
   <mdWrap MDTYPE="OTHER" OTHERMDTYPE="METSRIGHTS">
    <xmlData xmlns:rights="http://cosimo.stanford.edu/sdr/metsrights/" xsi:schemaLocation="http://cosimo.stanford.edu/sdr/metsrights/ http://cosimo.stanford.edu/sdr/metsrights.xsd"><rights:RightsDeclarationMD xmlns:rights="http://cosimo.stanford.edu/sdr/metsrights/" RIGHTSCATEGORY="LICENSED">
  <rights:Context CONTEXTCLASS="GENERAL PUBLIC">
    <rights:Permissions DISCOVER="true" DISPLAY="true" MODIFY="false" DELETE="false" />
  </rights:Context>
</rights:RightsDeclarationMD></xmlData>
   </mdWrap>
  </rightsMD>
  <sourceMD ID="sourceMD_138">
   <mdWrap MDTYPE="OTHER" OTHERMDTYPE="AIP-TECHMD">
    <xmlData xmlns:dim="http://www.dspace.org/xmlns/dspace/dim"><dim:dim xmlns:dim="http://www.dspace.org/xmlns/dspace/dim" dspaceType="BITSTREAM">
  <dim:field mdschema="dc" element="title">V is for Volcanology[1].pdf</dim:field>
  <dim:field mdschema="dc" element="title" qualifier="alternative">V is for Volcanology[1].pdf</dim:field>
  <dim:field mdschema="dc" element="format" qualifier="medium">Adobe PDF</dim:field>
  <dim:field mdschema="dc" element="format" qualifier="mimetype">application/pdf</dim:field>
  <dim:field mdschema="dc" element="format" qualifier="supportlevel">KNOWN</dim:field>
  <dim:field mdschema="dc" element="format" qualifier="internal">false</dim:field>
</dim:dim></xmlData>
   </mdWrap>
  </sourceMD>
 </amdSec>
 <amdSec ID="amd_139">
  <rightsMD ID="rightsMD_145">
   <mdWrap MDTYPE="OTHER" OTHERMDTYPE="METSRIGHTS">
    <xmlData xmlns:rights="http://cosimo.stanford.edu/sdr/metsrights/" xsi:schemaLocation="http://cosimo.stanford.edu/sdr/metsrights/ http://cosimo.stanford.edu/sdr/metsrights.xsd"><rights:RightsDeclarationMD xmlns:rights="http://cosimo.stanford.edu/sdr/metsrights/" RIGHTSCATEGORY="LICENSED">
  <rights:Context CONTEXTCLASS="GENERAL PUBLIC">
    <rights:Permissions DISCOVER="true" DISPLAY="true" MODIFY="false" DELETE="false" />
  </rights:Context>
</rights:RightsDeclarationMD></xmlData>
   </mdWrap>
  </rightsMD>
 </amdSec>
 <amdSec ID="amd_147">
  <techMD ID="techMD_148">
   <mdWrap MDTYPE="PREMIS">
    <xmlData xmlns:premis="http://www.loc.gov/standards/premis" xsi:schemaLocation="http://www.loc.gov/standards/premis http://www.loc.gov/standards/premis/PREMIS-v1-0.xsd"><premis:premis xmlns:premis="http://www.loc.gov/standards/premis">
  <premis:object>
    <premis:objectIdentifier>
      <premis:objectIdentifierType>URL</premis:objectIdentifierType>
      <premis:objectIdentifierValue>https://circle-test.library.ubc.ca/bitstream/2429%2F2696/2/license.txt</premis:objectIdentifierValue>
    </premis:objectIdentifier>
    <premis:objectCategory>File</premis:objectCategory>
    <premis:objectCharacteristics>
      <premis:fixity>
        <premis:messageDigestAlgorithm>MD5</premis:messageDigestAlgorithm>
        <premis:messageDigest>d6b4905035cbcefcc872ddb1d47ed94a</premis:messageDigest>
      </premis:fixity>
      <premis:size>3975</premis:size>
      <premis:format>
        <premis:formatDesignation>
          <premis:formatName>text/html</premis:formatName>
        </premis:formatDesignation>
      </premis:format>
    </premis:objectCharacteristics>
    <premis:originalName>license.txt</premis:originalName>
  </premis:object>
</premis:premis></xmlData>
   </mdWrap>
  </techMD>
  <rightsMD ID="rightsMD_153">
   <mdWrap MDTYPE="OTHER" OTHERMDTYPE="METSRIGHTS">
    <xmlData xmlns:rights="http://cosimo.stanford.edu/sdr/metsrights/" xsi:schemaLocation="http://cosimo.stanford.edu/sdr/metsrights/ http://cosimo.stanford.edu/sdr/metsrights.xsd"><rights:RightsDeclarationMD xmlns:rights="http://cosimo.stanford.edu/sdr/metsrights/" RIGHTSCATEGORY="LICENSED">
  <rights:Context CONTEXTCLASS="GENERAL PUBLIC">
    <rights:Permissions DISCOVER="true" DISPLAY="true" MODIFY="false" DELETE="false" />
  </rights:Context>
</rights:RightsDeclarationMD></xmlData>
   </mdWrap>
  </rightsMD>
  <sourceMD ID="sourceMD_154">
   <mdWrap MDTYPE="OTHER" OTHERMDTYPE="AIP-TECHMD">
    <xmlData xmlns:dim="http://www.dspace.org/xmlns/dspace/dim"><dim:dim xmlns:dim="http://www.dspace.org/xmlns/dspace/dim" dspaceType="BITSTREAM">
  <dim:field mdschema="dc" element="title">license.txt</dim:field>
  <dim:field mdschema="dc" element="title" qualifier="alternative">Written by org.dspace.content.Item</dim:field>
  <dim:field mdschema="dc" element="format" qualifier="medium">License</dim:field>
  <dim:field mdschema="dc" element="format" qualifier="mimetype">text/html</dim:field>
  <dim:field mdschema="dc" element="format" qualifier="supportlevel">KNOWN</dim:field>
  <dim:field mdschema="dc" element="format" qualifier="internal">true</dim:field>
</dim:dim></xmlData>
   </mdWrap>
  </sourceMD>
 </amdSec>
 <amdSec ID="amd_155">
  <rightsMD ID="rightsMD_161">
   <mdWrap MDTYPE="OTHER" OTHERMDTYPE="METSRIGHTS">
    <xmlData xmlns:rights="http://cosimo.stanford.edu/sdr/metsrights/" xsi:schemaLocation="http://cosimo.stanford.edu/sdr/metsrights/ http://cosimo.stanford.edu/sdr/metsrights.xsd"><rights:RightsDeclarationMD xmlns:rights="http://cosimo.stanford.edu/sdr/metsrights/" RIGHTSCATEGORY="LICENSED">
  <rights:Context CONTEXTCLASS="GENERAL PUBLIC">
    <rights:Permissions DISCOVER="true" DISPLAY="true" MODIFY="false" DELETE="false" />
  </rights:Context>
</rights:RightsDeclarationMD></xmlData>
   </mdWrap>
  </rightsMD>
 </amdSec>
 <amdSec ID="amd_163">
  <techMD ID="techMD_164">
   <mdWrap MDTYPE="PREMIS">
    <xmlData xmlns:premis="http://www.loc.gov/standards/premis" xsi:schemaLocation="http://www.loc.gov/standards/premis http://www.loc.gov/standards/premis/PREMIS-v1-0.xsd"><premis:premis xmlns:premis="http://www.loc.gov/standards/premis">
  <premis:object>
    <premis:objectIdentifier>
      <premis:objectIdentifierType>URL</premis:objectIdentifierType>
      <premis:objectIdentifierValue>https://circle-test.library.ubc.ca/bitstream/2429%2F2696/3/V+is+for+Volcanology%5B1%5D.pdf.txt</premis:objectIdentifierValue>
    </premis:objectIdentifier>
    <premis:objectCategory>File</premis:objectCategory>
    <premis:objectCharacteristics>
      <premis:fixity>
        <premis:messageDigestAlgorithm>MD5</premis:messageDigestAlgorithm>
        <premis:messageDigest>3313f0a03ac2780cd55b417a6cc4dfb0</premis:messageDigest>
      </premis:fixity>
      <premis:size>8597</premis:size>
      <premis:format>
        <premis:formatDesignation>
          <premis:formatName>text/plain</premis:formatName>
        </premis:formatDesignation>
      </premis:format>
    </premis:objectCharacteristics>
    <premis:originalName>V is for Volcanology[1].pdf.txt</premis:originalName>
  </premis:object>
</premis:premis></xmlData>
   </mdWrap>
  </techMD>
  <rightsMD ID="rightsMD_169">
   <mdWrap MDTYPE="OTHER" OTHERMDTYPE="METSRIGHTS">
    <xmlData xmlns:rights="http://cosimo.stanford.edu/sdr/metsrights/" xsi:schemaLocation="http://cosimo.stanford.edu/sdr/metsrights/ http://cosimo.stanford.edu/sdr/metsrights.xsd"><rights:RightsDeclarationMD xmlns:rights="http://cosimo.stanford.edu/sdr/metsrights/" RIGHTSCATEGORY="LICENSED">
  <rights:Context CONTEXTCLASS="MANAGED GRP">
    <rights:UserName USERTYPE="GROUP">COLLECTION_hdl:2429/1314_ADMIN</rights:UserName>
    <rights:Permissions DISCOVER="true" DISPLAY="true" MODIFY="false" DELETE="false" />
  </rights:Context>
</rights:RightsDeclarationMD></xmlData>
   </mdWrap>
  </rightsMD>
  <sourceMD ID="sourceMD_170">
   <mdWrap MDTYPE="OTHER" OTHERMDTYPE="AIP-TECHMD">
    <xmlData xmlns:dim="http://www.dspace.org/xmlns/dspace/dim"><dim:dim xmlns:dim="http://www.dspace.org/xmlns/dspace/dim" dspaceType="BITSTREAM">
  <dim:field mdschema="dc" element="title">V is for Volcanology[1].pdf.txt</dim:field>
  <dim:field mdschema="dc" element="title" qualifier="alternative">Written by FormatFilter org.dspace.app.mediafilter.PDFFilter on 2009-12-04T15:24:05Z (GMT).</dim:field>
  <dim:field mdschema="dc" element="description">Extracted text</dim:field>
  <dim:field mdschema="dc" element="format" qualifier="medium">Text</dim:field>
  <dim:field mdschema="dc" element="format" qualifier="mimetype">text/plain</dim:field>
  <dim:field mdschema="dc" element="format" qualifier="supportlevel">KNOWN</dim:field>
  <dim:field mdschema="dc" element="format" qualifier="internal">false</dim:field>
</dim:dim></xmlData>
   </mdWrap>
  </sourceMD>
 </amdSec>
 <fileSec>
  <fileGrp ADMID="amd_122" USE="ORIGINAL">
   <file ID="bitstream_1" MIMETYPE="application/pdf" SEQ="1" SIZE="359396" CHECKSUM="9b5d0d3fcc6edfd671b1c2e63f358ebe" CHECKSUMTYPE="MD5" ADMID="amd_131" GROUPID="GROUP_bitstream_1">
    <FLocat LOCTYPE="URL" xlink:type="simple" xlink:href="bitstream_8256.pdf"/>
   </file>
  </fileGrp>
  <fileGrp ADMID="amd_139" USE="LICENSE">
   <file ID="bitstream_2" MIMETYPE="text/html" SEQ="2" SIZE="3975" CHECKSUM="d6b4905035cbcefcc872ddb1d47ed94a" CHECKSUMTYPE="MD5" ADMID="amd_147" GROUPID="GROUP_bitstream_2">
    <FLocat LOCTYPE="URL" xlink:type="simple" xlink:href="bitstream_8257"/>
   </file>
  </fileGrp>
  <fileGrp ADMID="amd_155" USE="TEXT">
   <file ID="bitstream_3" MIMETYPE="text/plain" SEQ="3" SIZE="8597" CHECKSUM="3313f0a03ac2780cd55b417a6cc4dfb0" CHECKSUMTYPE="MD5" ADMID="amd_163" GROUPID="GROUP_bitstream_1">
    <FLocat LOCTYPE="URL" xlink:type="simple" xlink:href="bitstream_42465.txt"/>
   </file>
  </fileGrp>
 </fileSec>
 <structMap ID="struct_120" LABEL="DSpace Object" TYPE="LOGICAL">
  <div ID="div_121" DMDID="dmdSec_111 dmdSec_110" ADMID="amd_112" TYPE="DSpace Object Contents">
   <div ID="div_130" TYPE="DSpace BITSTREAM">
    <fptr FILEID="bitstream_1"/>
   </div>
  </div>
 </structMap>
 <structMap ID="struct_171" LABEL="Parent" TYPE="LOGICAL">
  <div ID="div_172" LABEL="Parent of this DSpace Object" TYPE="AIP Parent Link">
   <mptr ID="mptr_173" LOCTYPE="HANDLE" xlink:type="simple" xlink:href="2429/1314"/>
  </div>
 </structMap>
</mets>
