<?xml version="1.0" encoding="utf-8" standalone="no"?>
<mets ID="DSpace_ITEM_2429-2699" OBJID="hdl:2429/2699" TYPE="DSpace ITEM" PROFILE="http://www.dspace.org/schema/aip/mets_aip_1_0.xsd" xmlns="http://www.loc.gov/METS/" xmlns:xlink="http://www.w3.org/1999/xlink" xmlns:xsi="http://www.w3.org/2001/XMLSchema-instance" xsi:schemaLocation="http://www.loc.gov/METS/ http://www.loc.gov/standards/mets/mets.xsd">
 <metsHdr LASTMODDATE="2010-09-13T03:46:34">
  <agent ROLE="CUSTODIAN" TYPE="OTHER" OTHERTYPE="DSpace Archive">
   <name>2429/0</name>
  </agent>
  <agent ROLE="CREATOR" TYPE="OTHER" OTHERTYPE="DSpace Software">
   <name>DSpace 1.7.0</name>
  </agent>
 </metsHdr>
 <dmdSec ID="dmdSec_302">
  <mdWrap MDTYPE="MODS">
   <xmlData xmlns:mods="http://www.loc.gov/mods/v3" xmlns:xlink="http://www.w3.org/1999/xlink" xsi:schemaLocation="http://www.loc.gov/mods/v3 http://www.loc.gov/standards/mods/v3/mods-3-1.xsd"><mods:mods xmlns:mods="http://www.loc.gov/mods/v3" xmlns:xsi="http://www.w3.org/2001/XMLSchema-instance" xsi:schemaLocation="http://www.loc.gov/mods/v3 http://www.loc.gov/standards/mods/v3/mods-3-1.xsd">
  <mods:name>
    <mods:role>
      <mods:roleTerm type="text">author</mods:roleTerm>
    </mods:role>
    <mods:namePart>Vice President Research, Office of the</mods:namePart>
  </mods:name>
  <mods:extension>
    <mods:dateAccessioned encoding="iso8601">2008-10-20T18:56:13Z</mods:dateAccessioned>
  </mods:extension>
  <mods:extension>
    <mods:dateAvailable encoding="iso8601">2008-10-20T18:56:13Z</mods:dateAvailable>
  </mods:extension>
  <mods:originInfo>
    <mods:dateIssued encoding="iso8601">2006-05</mods:dateIssued>
  </mods:originInfo>
  <mods:identifier type="uri">http://hdl.handle.net/2429/2699</mods:identifier>
  <mods:abstract>The Mineral Deposit Research Unit's findings translate into more effective mining - and a new generation of science-savvy miners.</mods:abstract>
  <mods:note type="provenance">Submitted by Janis Lai (svpr@exchange.ubc.ca) on 2008-08-27T17:31:19Z
No. of bitstreams: 1
Digging Deeper[1].pdf: 217528 bytes, checksum: 09b457b11a37773b6680d7a8488bc138 (MD5)</mods:note>
  <mods:note type="provenance">Rejected by Andy Torr(andy.torr@ubc.ca), reason:  on 2008-10-20T17:40:48Z (GMT)</mods:note>
  <mods:note type="provenance">Submitted by Janis Lai (svpr@exchange.ubc.ca) on 2008-10-20T17:51:20Z
No. of bitstreams: 1
Digging Deeper[1].pdf: 221377 bytes, checksum: 62cf495327e535378b947b880bac7bdb (MD5)</mods:note>
  <mods:note type="provenance">Approved for entry into archive by Andy Torr(andy.torr@ubc.ca) on 2008-10-20T18:56:13Z (GMT) No. of bitstreams: 1
Digging Deeper[1].pdf: 221377 bytes, checksum: 62cf495327e535378b947b880bac7bdb (MD5)</mods:note>
  <mods:note type="provenance">Made available in DSpace on 2008-10-20T18:56:13Z (GMT). No. of bitstreams: 1
Digging Deeper[1].pdf: 221377 bytes, checksum: 62cf495327e535378b947b880bac7bdb (MD5)
  Previous issue date: 2006-05</mods:note>
  <mods:physicalDescription>
    <mods:extent>221377 bytes</mods:extent>
  </mods:physicalDescription>
  <mods:physicalDescription>
    <mods:internetMediaType>application/pdf</mods:internetMediaType>
  </mods:physicalDescription>
  <mods:language>
    <mods:languageTerm authority="rfc3066">eng</mods:languageTerm>
  </mods:language>
  <mods:originInfo>
    <mods:publisher>Office of the Vice President Research, The University of British Columbia</mods:publisher>
  </mods:originInfo>
  <mods:relatedItem type="series">frontier: a journal of research and discovery, issue 1, May 2006</mods:relatedItem>
  <mods:subject>
    <mods:topic>Mineral Deposit Research Unit</mods:topic>
  </mods:subject>
  <mods:subject>
    <mods:topic>Dick Tosdal</mods:topic>
  </mods:subject>
  <mods:subject>
    <mods:topic>Barrick Gold</mods:topic>
  </mods:subject>
  <mods:subject>
    <mods:topic>mining engineering</mods:topic>
  </mods:subject>
  <mods:subject>
    <mods:topic>C. J. Hodgson</mods:topic>
  </mods:subject>
  <mods:titleInfo>
    <mods:title>Digging Deeper</mods:title>
  </mods:titleInfo>
  <mods:genre>text</mods:genre>
</mods:mods></xmlData>
  </mdWrap>
 </dmdSec>
 <dmdSec ID="dmdSec_303">
  <mdWrap MDTYPE="OTHER" OTHERMDTYPE="DIM">
   <xmlData xmlns:dim="http://www.dspace.org/xmlns/dspace/dim"><dim:dim xmlns:dim="http://www.dspace.org/xmlns/dspace/dim" dspaceType="ITEM">
  <dim:field mdschema="dc" element="contributor" qualifier="author">Vice President Research, Office of the</dim:field>
  <dim:field mdschema="dc" element="date" qualifier="accessioned">2008-10-20T18:56:13Z</dim:field>
  <dim:field mdschema="dc" element="date" qualifier="available">2008-10-20T18:56:13Z</dim:field>
  <dim:field mdschema="dc" element="date" qualifier="issued">2006-05</dim:field>
  <dim:field mdschema="dc" element="identifier" qualifier="uri">http://hdl.handle.net/2429/2699</dim:field>
  <dim:field mdschema="dc" element="description" qualifier="abstract" lang="en">The Mineral Deposit Research Unit's findings translate into more effective mining - and a new generation of science-savvy miners.</dim:field>
  <dim:field mdschema="dc" element="description" qualifier="provenance" lang="en">Submitted by Janis Lai (svpr@exchange.ubc.ca) on 2008-08-27T17:31:19Z
No. of bitstreams: 1
Digging Deeper[1].pdf: 217528 bytes, checksum: 09b457b11a37773b6680d7a8488bc138 (MD5)</dim:field>
  <dim:field mdschema="dc" element="description" qualifier="provenance" lang="en">Rejected by Andy Torr(andy.torr@ubc.ca), reason:  on 2008-10-20T17:40:48Z (GMT)</dim:field>
  <dim:field mdschema="dc" element="description" qualifier="provenance" lang="en">Submitted by Janis Lai (svpr@exchange.ubc.ca) on 2008-10-20T17:51:20Z
No. of bitstreams: 1
Digging Deeper[1].pdf: 221377 bytes, checksum: 62cf495327e535378b947b880bac7bdb (MD5)</dim:field>
  <dim:field mdschema="dc" element="description" qualifier="provenance" lang="en">Approved for entry into archive by Andy Torr(andy.torr@ubc.ca) on 2008-10-20T18:56:13Z (GMT) No. of bitstreams: 1
Digging Deeper[1].pdf: 221377 bytes, checksum: 62cf495327e535378b947b880bac7bdb (MD5)</dim:field>
  <dim:field mdschema="dc" element="description" qualifier="provenance" lang="en">Made available in DSpace on 2008-10-20T18:56:13Z (GMT). No. of bitstreams: 1
Digging Deeper[1].pdf: 221377 bytes, checksum: 62cf495327e535378b947b880bac7bdb (MD5)
  Previous issue date: 2006-05</dim:field>
  <dim:field mdschema="dc" element="format" qualifier="extent">221377 bytes</dim:field>
  <dim:field mdschema="dc" element="format" qualifier="mimetype">application/pdf</dim:field>
  <dim:field mdschema="dc" element="language" qualifier="iso" lang="en">eng</dim:field>
  <dim:field mdschema="dc" element="publisher" lang="en">Office of the Vice President Research, The University of British Columbia</dim:field>
  <dim:field mdschema="dc" element="relation" qualifier="ispartofseries" lang="en">frontier: a journal of research and discovery, issue 1, May 2006</dim:field>
  <dim:field mdschema="dc" element="subject" lang="en">Mineral Deposit Research Unit</dim:field>
  <dim:field mdschema="dc" element="subject" lang="en">Dick Tosdal</dim:field>
  <dim:field mdschema="dc" element="subject" lang="en">Barrick Gold</dim:field>
  <dim:field mdschema="dc" element="subject" lang="en">mining engineering</dim:field>
  <dim:field mdschema="dc" element="subject" lang="en">C. J. Hodgson</dim:field>
  <dim:field mdschema="dc" element="title" lang="en">Digging Deeper</dim:field>
  <dim:field mdschema="dc" element="type" lang="en">text</dim:field>
  <dim:field mdschema="dc" element="type" qualifier="text" lang="en">article</dim:field>
  <dim:field mdschema="dc" element="description" qualifier="affiliation" lang="en">VP Research</dim:field>
  <dim:field mdschema="dc" element="description" qualifier="reviewstatus" lang="en" />
</dim:dim></xmlData>
  </mdWrap>
 </dmdSec>
 <amdSec ID="amd_304">
  <rightsMD ID="rightsMD_307">
   <mdRef LOCTYPE="URL" xlink:type="simple" xlink:href="bitstream_8265" MDTYPE="OTHER" OTHERMDTYPE="DSpaceDepositLicense" MIMETYPE="text/plain"/>
  </rightsMD>
  <rightsMD ID="rightsMD_310">
   <mdWrap MDTYPE="OTHER" OTHERMDTYPE="METSRIGHTS">
    <xmlData xmlns:rights="http://cosimo.stanford.edu/sdr/metsrights/" xsi:schemaLocation="http://cosimo.stanford.edu/sdr/metsrights/ http://cosimo.stanford.edu/sdr/metsrights.xsd"><rights:RightsDeclarationMD xmlns:rights="http://cosimo.stanford.edu/sdr/metsrights/" RIGHTSCATEGORY="LICENSED">
  <rights:Context CONTEXTCLASS="GENERAL PUBLIC">
    <rights:Permissions DISCOVER="true" DISPLAY="true" MODIFY="false" DELETE="false" />
  </rights:Context>
</rights:RightsDeclarationMD></xmlData>
   </mdWrap>
  </rightsMD>
  <sourceMD ID="sourceMD_311">
   <mdWrap MDTYPE="OTHER" OTHERMDTYPE="AIP-TECHMD">
    <xmlData xmlns:dim="http://www.dspace.org/xmlns/dspace/dim"><dim:dim xmlns:dim="http://www.dspace.org/xmlns/dspace/dim" dspaceType="ITEM">
  <dim:field mdschema="dc" element="creator">svpr@exchange.ubc.ca</dim:field>
  <dim:field mdschema="dc" element="identifier" qualifier="uri">hdl:2429/2699</dim:field>
  <dim:field mdschema="dc" element="relation" qualifier="isPartOf">hdl:2429/1314</dim:field>
</dim:dim></xmlData>
   </mdWrap>
  </sourceMD>
 </amdSec>
 <amdSec ID="amd_314">
  <rightsMD ID="rightsMD_320">
   <mdWrap MDTYPE="OTHER" OTHERMDTYPE="METSRIGHTS">
    <xmlData xmlns:rights="http://cosimo.stanford.edu/sdr/metsrights/" xsi:schemaLocation="http://cosimo.stanford.edu/sdr/metsrights/ http://cosimo.stanford.edu/sdr/metsrights.xsd"><rights:RightsDeclarationMD xmlns:rights="http://cosimo.stanford.edu/sdr/metsrights/" RIGHTSCATEGORY="LICENSED">
  <rights:Context CONTEXTCLASS="GENERAL PUBLIC">
    <rights:Permissions DISCOVER="true" DISPLAY="true" MODIFY="false" DELETE="false" />
  </rights:Context>
</rights:RightsDeclarationMD></xmlData>
   </mdWrap>
  </rightsMD>
 </amdSec>
 <amdSec ID="amd_323">
  <techMD ID="techMD_324">
   <mdWrap MDTYPE="PREMIS">
    <xmlData xmlns:premis="http://www.loc.gov/standards/premis" xsi:schemaLocation="http://www.loc.gov/standards/premis http://www.loc.gov/standards/premis/PREMIS-v1-0.xsd"><premis:premis xmlns:premis="http://www.loc.gov/standards/premis">
  <premis:object>
    <premis:objectIdentifier>
      <premis:objectIdentifierType>URL</premis:objectIdentifierType>
      <premis:objectIdentifierValue>https://circle-test.library.ubc.ca/bitstream/2429%2F2699/1/Digging+Deeper%5B1%5D.pdf</premis:objectIdentifierValue>
    </premis:objectIdentifier>
    <premis:objectCategory>File</premis:objectCategory>
    <premis:objectCharacteristics>
      <premis:fixity>
        <premis:messageDigestAlgorithm>MD5</premis:messageDigestAlgorithm>
        <premis:messageDigest>62cf495327e535378b947b880bac7bdb</premis:messageDigest>
      </premis:fixity>
      <premis:size>221377</premis:size>
      <premis:format>
        <premis:formatDesignation>
          <premis:formatName>application/pdf</premis:formatName>
        </premis:formatDesignation>
      </premis:format>
    </premis:objectCharacteristics>
    <premis:originalName>Digging Deeper[1].pdf</premis:originalName>
  </premis:object>
</premis:premis></xmlData>
   </mdWrap>
  </techMD>
  <rightsMD ID="rightsMD_329">
   <mdWrap MDTYPE="OTHER" OTHERMDTYPE="METSRIGHTS">
    <xmlData xmlns:rights="http://cosimo.stanford.edu/sdr/metsrights/" xsi:schemaLocation="http://cosimo.stanford.edu/sdr/metsrights/ http://cosimo.stanford.edu/sdr/metsrights.xsd"><rights:RightsDeclarationMD xmlns:rights="http://cosimo.stanford.edu/sdr/metsrights/" RIGHTSCATEGORY="LICENSED">
  <rights:Context CONTEXTCLASS="GENERAL PUBLIC">
    <rights:Permissions DISCOVER="true" DISPLAY="true" MODIFY="false" DELETE="false" />
  </rights:Context>
</rights:RightsDeclarationMD></xmlData>
   </mdWrap>
  </rightsMD>
  <sourceMD ID="sourceMD_330">
   <mdWrap MDTYPE="OTHER" OTHERMDTYPE="AIP-TECHMD">
    <xmlData xmlns:dim="http://www.dspace.org/xmlns/dspace/dim"><dim:dim xmlns:dim="http://www.dspace.org/xmlns/dspace/dim" dspaceType="BITSTREAM">
  <dim:field mdschema="dc" element="title">Digging Deeper[1].pdf</dim:field>
  <dim:field mdschema="dc" element="title" qualifier="alternative">Digging Deeper[1].pdf</dim:field>
  <dim:field mdschema="dc" element="format" qualifier="medium">Adobe PDF</dim:field>
  <dim:field mdschema="dc" element="format" qualifier="mimetype">application/pdf</dim:field>
  <dim:field mdschema="dc" element="format" qualifier="supportlevel">KNOWN</dim:field>
  <dim:field mdschema="dc" element="format" qualifier="internal">false</dim:field>
</dim:dim></xmlData>
   </mdWrap>
  </sourceMD>
 </amdSec>
 <amdSec ID="amd_331">
  <rightsMD ID="rightsMD_337">
   <mdWrap MDTYPE="OTHER" OTHERMDTYPE="METSRIGHTS">
    <xmlData xmlns:rights="http://cosimo.stanford.edu/sdr/metsrights/" xsi:schemaLocation="http://cosimo.stanford.edu/sdr/metsrights/ http://cosimo.stanford.edu/sdr/metsrights.xsd"><rights:RightsDeclarationMD xmlns:rights="http://cosimo.stanford.edu/sdr/metsrights/" RIGHTSCATEGORY="LICENSED">
  <rights:Context CONTEXTCLASS="GENERAL PUBLIC">
    <rights:Permissions DISCOVER="true" DISPLAY="true" MODIFY="false" DELETE="false" />
  </rights:Context>
</rights:RightsDeclarationMD></xmlData>
   </mdWrap>
  </rightsMD>
 </amdSec>
 <amdSec ID="amd_339">
  <techMD ID="techMD_340">
   <mdWrap MDTYPE="PREMIS">
    <xmlData xmlns:premis="http://www.loc.gov/standards/premis" xsi:schemaLocation="http://www.loc.gov/standards/premis http://www.loc.gov/standards/premis/PREMIS-v1-0.xsd"><premis:premis xmlns:premis="http://www.loc.gov/standards/premis">
  <premis:object>
    <premis:objectIdentifier>
      <premis:objectIdentifierType>URL</premis:objectIdentifierType>
      <premis:objectIdentifierValue>https://circle-test.library.ubc.ca/bitstream/2429%2F2699/2/license.txt</premis:objectIdentifierValue>
    </premis:objectIdentifier>
    <premis:objectCategory>File</premis:objectCategory>
    <premis:objectCharacteristics>
      <premis:fixity>
        <premis:messageDigestAlgorithm>MD5</premis:messageDigestAlgorithm>
        <premis:messageDigest>ce63474d54dd0ee5eca6f26cbb3559ff</premis:messageDigest>
      </premis:fixity>
      <premis:size>3975</premis:size>
      <premis:format>
        <premis:formatDesignation>
          <premis:formatName>text/html</premis:formatName>
        </premis:formatDesignation>
      </premis:format>
    </premis:objectCharacteristics>
    <premis:originalName>license.txt</premis:originalName>
  </premis:object>
</premis:premis></xmlData>
   </mdWrap>
  </techMD>
  <rightsMD ID="rightsMD_345">
   <mdWrap MDTYPE="OTHER" OTHERMDTYPE="METSRIGHTS">
    <xmlData xmlns:rights="http://cosimo.stanford.edu/sdr/metsrights/" xsi:schemaLocation="http://cosimo.stanford.edu/sdr/metsrights/ http://cosimo.stanford.edu/sdr/metsrights.xsd"><rights:RightsDeclarationMD xmlns:rights="http://cosimo.stanford.edu/sdr/metsrights/" RIGHTSCATEGORY="LICENSED">
  <rights:Context CONTEXTCLASS="GENERAL PUBLIC">
    <rights:Permissions DISCOVER="true" DISPLAY="true" MODIFY="false" DELETE="false" />
  </rights:Context>
</rights:RightsDeclarationMD></xmlData>
   </mdWrap>
  </rightsMD>
  <sourceMD ID="sourceMD_346">
   <mdWrap MDTYPE="OTHER" OTHERMDTYPE="AIP-TECHMD">
    <xmlData xmlns:dim="http://www.dspace.org/xmlns/dspace/dim"><dim:dim xmlns:dim="http://www.dspace.org/xmlns/dspace/dim" dspaceType="BITSTREAM">
  <dim:field mdschema="dc" element="title">license.txt</dim:field>
  <dim:field mdschema="dc" element="title" qualifier="alternative">Written by org.dspace.content.Item</dim:field>
  <dim:field mdschema="dc" element="format" qualifier="medium">License</dim:field>
  <dim:field mdschema="dc" element="format" qualifier="mimetype">text/html</dim:field>
  <dim:field mdschema="dc" element="format" qualifier="supportlevel">KNOWN</dim:field>
  <dim:field mdschema="dc" element="format" qualifier="internal">true</dim:field>
</dim:dim></xmlData>
   </mdWrap>
  </sourceMD>
 </amdSec>
 <amdSec ID="amd_347">
  <rightsMD ID="rightsMD_353">
   <mdWrap MDTYPE="OTHER" OTHERMDTYPE="METSRIGHTS">
    <xmlData xmlns:rights="http://cosimo.stanford.edu/sdr/metsrights/" xsi:schemaLocation="http://cosimo.stanford.edu/sdr/metsrights/ http://cosimo.stanford.edu/sdr/metsrights.xsd"><rights:RightsDeclarationMD xmlns:rights="http://cosimo.stanford.edu/sdr/metsrights/" RIGHTSCATEGORY="LICENSED">
  <rights:Context CONTEXTCLASS="GENERAL PUBLIC">
    <rights:Permissions DISCOVER="true" DISPLAY="true" MODIFY="false" DELETE="false" />
  </rights:Context>
</rights:RightsDeclarationMD></xmlData>
   </mdWrap>
  </rightsMD>
 </amdSec>
 <amdSec ID="amd_355">
  <techMD ID="techMD_356">
   <mdWrap MDTYPE="PREMIS">
    <xmlData xmlns:premis="http://www.loc.gov/standards/premis" xsi:schemaLocation="http://www.loc.gov/standards/premis http://www.loc.gov/standards/premis/PREMIS-v1-0.xsd"><premis:premis xmlns:premis="http://www.loc.gov/standards/premis">
  <premis:object>
    <premis:objectIdentifier>
      <premis:objectIdentifierType>URL</premis:objectIdentifierType>
      <premis:objectIdentifierValue>https://circle-test.library.ubc.ca/bitstream/2429%2F2699/3/Digging+Deeper%5B1%5D.pdf.txt</premis:objectIdentifierValue>
    </premis:objectIdentifier>
    <premis:objectCategory>File</premis:objectCategory>
    <premis:objectCharacteristics>
      <premis:fixity>
        <premis:messageDigestAlgorithm>MD5</premis:messageDigestAlgorithm>
        <premis:messageDigest>88c627c64d53feb61af1911247594317</premis:messageDigest>
      </premis:fixity>
      <premis:size>7169</premis:size>
      <premis:format>
        <premis:formatDesignation>
          <premis:formatName>text/plain</premis:formatName>
        </premis:formatDesignation>
      </premis:format>
    </premis:objectCharacteristics>
    <premis:originalName>Digging Deeper[1].pdf.txt</premis:originalName>
  </premis:object>
</premis:premis></xmlData>
   </mdWrap>
  </techMD>
  <rightsMD ID="rightsMD_361">
   <mdWrap MDTYPE="OTHER" OTHERMDTYPE="METSRIGHTS">
    <xmlData xmlns:rights="http://cosimo.stanford.edu/sdr/metsrights/" xsi:schemaLocation="http://cosimo.stanford.edu/sdr/metsrights/ http://cosimo.stanford.edu/sdr/metsrights.xsd"><rights:RightsDeclarationMD xmlns:rights="http://cosimo.stanford.edu/sdr/metsrights/" RIGHTSCATEGORY="LICENSED">
  <rights:Context CONTEXTCLASS="MANAGED GRP">
    <rights:UserName USERTYPE="GROUP">COLLECTION_hdl:2429/1314_ADMIN</rights:UserName>
    <rights:Permissions DISCOVER="true" DISPLAY="true" MODIFY="false" DELETE="false" />
  </rights:Context>
</rights:RightsDeclarationMD></xmlData>
   </mdWrap>
  </rightsMD>
  <sourceMD ID="sourceMD_362">
   <mdWrap MDTYPE="OTHER" OTHERMDTYPE="AIP-TECHMD">
    <xmlData xmlns:dim="http://www.dspace.org/xmlns/dspace/dim"><dim:dim xmlns:dim="http://www.dspace.org/xmlns/dspace/dim" dspaceType="BITSTREAM">
  <dim:field mdschema="dc" element="title">Digging Deeper[1].pdf.txt</dim:field>
  <dim:field mdschema="dc" element="title" qualifier="alternative">Written by FormatFilter org.dspace.app.mediafilter.PDFFilter on 2009-12-04T10:27:10Z (GMT).</dim:field>
  <dim:field mdschema="dc" element="description">Extracted text</dim:field>
  <dim:field mdschema="dc" element="format" qualifier="medium">Text</dim:field>
  <dim:field mdschema="dc" element="format" qualifier="mimetype">text/plain</dim:field>
  <dim:field mdschema="dc" element="format" qualifier="supportlevel">KNOWN</dim:field>
  <dim:field mdschema="dc" element="format" qualifier="internal">false</dim:field>
</dim:dim></xmlData>
   </mdWrap>
  </sourceMD>
 </amdSec>
 <fileSec>
  <fileGrp ADMID="amd_314" USE="ORIGINAL">
   <file ID="bitstream_1" MIMETYPE="application/pdf" SEQ="1" SIZE="221377" CHECKSUM="62cf495327e535378b947b880bac7bdb" CHECKSUMTYPE="MD5" ADMID="amd_323" GROUPID="GROUP_bitstream_1">
    <FLocat LOCTYPE="URL" xlink:type="simple" xlink:href="bitstream_8264.pdf"/>
   </file>
  </fileGrp>
  <fileGrp ADMID="amd_331" USE="LICENSE">
   <file ID="bitstream_2" MIMETYPE="text/html" SEQ="2" SIZE="3975" CHECKSUM="ce63474d54dd0ee5eca6f26cbb3559ff" CHECKSUMTYPE="MD5" ADMID="amd_339" GROUPID="GROUP_bitstream_2">
    <FLocat LOCTYPE="URL" xlink:type="simple" xlink:href="bitstream_8265"/>
   </file>
  </fileGrp>
  <fileGrp ADMID="amd_347" USE="TEXT">
   <file ID="bitstream_3" MIMETYPE="text/plain" SEQ="3" SIZE="7169" CHECKSUM="88c627c64d53feb61af1911247594317" CHECKSUMTYPE="MD5" ADMID="amd_355" GROUPID="GROUP_bitstream_1">
    <FLocat LOCTYPE="URL" xlink:type="simple" xlink:href="bitstream_39476.txt"/>
   </file>
  </fileGrp>
 </fileSec>
 <structMap ID="struct_312" LABEL="DSpace Object" TYPE="LOGICAL">
  <div ID="div_313" DMDID="dmdSec_302 dmdSec_303" ADMID="amd_304" TYPE="DSpace Object Contents">
   <div ID="div_322" TYPE="DSpace BITSTREAM">
    <fptr FILEID="bitstream_1"/>
   </div>
  </div>
 </structMap>
 <structMap ID="struct_363" LABEL="Parent" TYPE="LOGICAL">
  <div ID="div_364" LABEL="Parent of this DSpace Object" TYPE="AIP Parent Link">
   <mptr ID="mptr_365" LOCTYPE="HANDLE" xlink:type="simple" xlink:href="2429/1314"/>
  </div>
 </structMap>
</mets>
